dataset,Cells,Genes,Sparsity%,K,"Weights [yule,frac,cheb]",Device,Method,CUMAP,scICE,tSNE,UMAP,KPCA,PHATE,SIMLR,scDCCA,scGAC,scAGCL,scGPT(KM),scGPT(Le)
Tian_sc_dropseq,225.0,15127.0,62.0716,3.0,"[0.9, 0, 0.1]",GPU (dist) + CPU (clust),3 distances computed -> distance-level fusion -> Leiden (CPM),0.8652,0.7868,0.3751,0.353,0.041,0.3464,0.7199,0.7786,0.5244,0.7326,0.304,0.3213
kumar,246.0,45159.0,45.8457,3.0,"[0.9, 0, 0.1]",GPU (dist) + CPU (clust),3 distances computed -> distance-level fusion -> Leiden (CPM),0.9272,0.9591,0.9233,0.9386,0.0286,0.9386,0.9644,0.8966,1,0.8947,0.3343,0.3301
koh,531.0,48981.0,72.1222,9.0,"[0.9, 0, 0.1]",GPU (dist) + CPU (clust),3 distances computed -> distance-level fusion -> Leiden (CPM),0.7496,0.6782,0.4514,0.4284,0.0497,0.4273,0.5415,0.1116,0.6078,0.7032,0.3595,0.3559
M1,822.0,14878.0,90.48,13.0,"[0.9, 0, 0.1]",GPU (dist) + CPU (clust),3 distances computed -> distance-level fusion -> Leiden (CPM),0.7077,0.7562,0.5876,0.5842,0.2233,0.5031,0.5667,0.3354604385405101,0.4930384103189535,0.6463,0.5973,0.65
Tian_sc_10x,902.0,16468.0,45.0214,3.0,"[0.9, 0, 0.1]",GPU (dist) + CPU (clust),3 distances computed -> distance-level fusion -> Leiden (CPM),0.981,0.9743,0.9688,0.9743,0.0038,0.9743,0.9728,0.5704,0.981,0.9743,0.5089,0.4714
Chu,1018.0,19097.0,49.7503,7.0,"[0.9, 0, 0.1]",GPU (dist) + CPU (clust),3 distances computed -> distance-level fusion -> Leiden (CPM),0.8896,0.7958,0.6033,0.694,0.079,0.518,0.518,0.724,0.6487,0.8615,0.6119,0.6408
M2,1064.0,14878.0,87.81,13.0,"[0.9, 0, 0.1]",GPU (dist) + CPU (clust),3 distances computed -> distance-level fusion -> Leiden (CPM),0.6798,0.652,0.5562,0.5754,0.2075,0.4797,0.4338,0.1775447900375437,0.4838532743665724,0.7113,0.4538,0.4634
H4,1303.0,20125.0,89.05,14.0,"[0.9, 0, 0.1]",GPU (dist) + CPU (clust),3 distances computed -> distance-level fusion -> Leiden (CPM),0.7955,0.7032,0.6183,0.6223,0.2308,0.5452,0.6055,0.4384324194250392,0.4017908954934562,0.7156,0.5132,0.5609
H2,1724.0,20125.0,90.59,14.0,"[0.9, 0, 0.1]",GPU (dist) + CPU (clust),3 distances computed -> distance-level fusion -> Leiden (CPM),0.805,0.7349,0.6611,0.6752,0.2677,0.5369,0.5858,0.4384680353976457,0.5087711552969763,0.7516,0.5563,0.5845
H1,1937.0,20125.0,90.44,14.0,"[0.9, 0, 0.1]",GPU (dist) + CPU (clust),3 distances computed -> distance-level fusion -> Leiden (CPM),0.7746,0.7403,0.6846,0.6636,0.2567,0.4968,0.6103,0.414836286470561,0.5062788493285155,0.778,0.5983,0.6112
Enge,2282.0,23460.0,85.9832,6.0,"[0.9, 0, 0.1]",GPU (dist) + CPU (clust),3 distances computed -> distance-level fusion -> Leiden (CPM),0.7022,0.7517,0.6216,0.6501,0.0065,0.6496,0.3183,0.4708,0.3635,0.5821,0.4359,0.5065
wu_kidney_droncseq,2769.0,19713.0,94.3377,13.0,"[0.9, 0, 0.1]",GPU (dist) + CPU (clust),3 distances computed -> distance-level fusion -> Leiden (CPM),0.4376,0.3796,0.1264,0.1236,0.0543,0.096,0.347,0.1709,0.2573,0.3154,0.4376,0.4501
wu_kidney_snucdropseq,3011.0,19713.0,95.4269,13.0,"[0.9, 0, 0.1]",GPU (dist) + CPU (clust),3 distances computed -> distance-level fusion -> Leiden (CPM),0.3815,0.3336,0.1389,0.1103,0.0284,0.0385,0.1229,0.1338,0.117,0.255,0.4192,0.4252
H3,3605.0,20125.0,91.3,14.0,"[0.9, 0, 0.1]",GPU (dist) + CPU (clust),3 distances computed -> distance-level fusion -> Leiden (CPM),0.8398,0.7329,0.6572,0.6865,0.3611,0.6128,0.5545,0.5288340467923096,0.5111781658920836,0.7743,0.622,0.6899
Tian_sc_10x_5cl,3918.0,11786.0,63.0051,5.0,"[0.9, 0, 0.1]",GPU (dist) + CPU (clust),3 distances computed -> distance-level fusion -> Leiden (CPM),0.9405,0.9395,0.7753,0.8714,0.0361,0.673,0.926,0.6374,0.6207,0.935,0.3247,0.5101
duodenum,5200.0,30172.0,91.1886,10.0,"[0.9, 0, 0.1]",GPU (dist) + CPU (clust),3 distances computed -> distance-level fusion -> Leiden (CPM),0.3804,0.6223,0.3928,0.4051,0.334,0.3605,0.5616,0.5296,0.5648,0.6297,0.6581,0.6333
mca_fetalintestine,6076.0,20115.0,96.6879,13.0,"[0.9, 0, 0.1]",GPU (dist) + CPU (clust),3 distances computed -> distance-level fusion -> Leiden (CPM),0.4459,0.284,0.2654,0.2901,0.1245,0.2223,0.0446,0.1478,0.18,0.2666,0.4513,0.5413
mca_fetalstomach,6192.0,19720.0,97.4079,16.0,"[0.9, 0, 0.1]",GPU (dist) + CPU (clust),3 distances computed -> distance-level fusion -> Leiden (CPM),0.246,0.1495,0.2556,0.2275,0.1044,0.1205,0.0185,0.1559,0.0002,0.3525,0.3685,0.4657
hcl_peripheralblood4,7160.0,21267.0,97.9931,13.0,"[0.9, 0, 0.1]",GPU (dist) + CPU (clust),3 distances computed -> distance-level fusion -> Leiden (CPM),0.5494,0.5368,0.5419,0.5455,0.3639,0.4564,0.0276,0.1927,0.1706,0.5463,0.5154,0.6055
hcl_muscle1,7775.0,22961.0,97.9493,17.0,"[0.9, 0, 0.1]",GPU (dist) + CPU (clust),3 distances computed -> distance-level fusion -> Leiden (CPM),0.3568,0.4426,0.3533,0.3623,0.1583,0.2805,0.0054,0.1768,0.0932,0.3287,0.3777,0.4847
hcl_adrenalgland2,8114.0,23842.0,97.714,13.0,"[0.9, 0, 0.1]",GPU (dist) + CPU (clust),3 distances computed -> distance-level fusion -> Leiden (CPM),0.4663,,0.3921,0.4043,0.2068,0.29,,0.2998,0.1631,0.5036,0.4238,0.5241
hcl_kidney2,9153.0,25601.0,97.5039,18.0,"[0.9, 0, 0.1]",GPU (dist) + CPU (clust),3 distances computed -> distance-level fusion -> Leiden (CPM),0.5051,0.21,0.3179,0.3124,0.1233,0.1297,0.0438,0.3137,0.0803,0.4551,0.4585,0.5686
hcl_trachea2,9949.0,24990.0,97.0596,14.0,"[0.9, 0, 0.1]",GPU (dist) + CPU (clust),3 distances computed -> distance-level fusion -> Leiden (CPM),0.6631,0.0718,0.496,0.5031,0.1699,0.3733,0.0711,0.3886,0.2123,0.5504,0.4884,0.584
Lung,10360.0,16327.0,96.6443,13.0,"[0.9, 0, 0.1]",GPU (dist) + CPU (clust),3 distances computed -> distance-level fusion -> Leiden (CPM),0.4734,0.1844,0.4133,0.384,0.1447,0.1989,0.0628,0.1645,,0.4962,0.4729,0.6347
ZhengMix,11749.0,11684.0,95.33,8.0,"[0.9, 0, 0.1]",GPU (dist) + CPU (clust),3 distances computed -> distance-level fusion -> KMeans,0.7568,0.7452,0.6583,0.6668,0.2946,0.5583,0.1336,0.2448013743769044,,0.6955,0.711,0.7504
Cortex_P,46346.0,27720.0,93.46,14.0,"[0.9, 0, 0.1]",CPU (cached dist),Cached dense distances -> distance-level fusion -> Leiden (CPM),0.7567,0.5423,0.4269,0.458,0.2623,0.4343,0.2476,0.3801851352237471,,,0.5149,0.5773
Cortex_F,71639.0,29463.0,93.25,14.0,"[0.9, 0, 0.1]",CPU (cached dist),Cached dense distances -> distance-level fusion -> Leiden (CPM),0.8271,0.615,0.4976,0.5485,0.3058,0.5343,0.2381,0.3139554005079804,,,0.5761,0.6284
Cortex_P (K=93),46346.0,,,93.0,"[0.9, 0, 0.1]",CPU (cached dist),Cached dense distances -> distance-level fusion -> Leiden (CPM),0.5661,0.3074,0.3763,0.3223,0.1849,0.2886,0.1425,0.4057,,,0.3945,0.4118
Cortex_F (K=81),71639.0,,,81.0,"[0.9, 0, 0.1]",CPU (cached dist),Cached dense distances -> distance-level fusion -> Leiden (CPM),0.5782,0.4178,0.4273,0.3919,0.2315,0.3916,0.1946,0.5013,,,0.4409,0.4751
TS50W_raw,508731.0,60606.0,95.49,42.0,"[0.9, 0, 0.1]",GPU (end-to-end),Approx. kNN (lean) -> graph-level fusion -> Leiden (modularity),0.6224,,,,,,,,,,0.5889,0.6237
TS100W_raw,1136218.0,61497.0,94.81,180.0,"[0.9, 0, 0.1]",GPU (end-to-end),Approx. kNN (lean) -> graph-level fusion -> Leiden (modularity),0.6843,,,,,,,,,,0.6381,0.7503
Mean (this sheet),,,,,,,,0.656606451612903,0.5731142857142857,0.5022,0.5094034482758621,0.1683931034482758,0.4301862068965517,0.3778285714285713,0.3807937216128359,0.4126004674215894,0.61822,0.4889000000000001,0.5429096774193547
CUMAP wins (all),,,,,,,,—,39/57,50/58,48/58,55/58,47/58,53/55,53/58,40/46,47/54,52/59,46/59
Wilcoxon p (all),,,,,,,,—,9.5e-04 ***,2.0e-09 ***,3.1e-08 ***,6.4e-11 ***,2.6e-08 ***,5.6e-10 ***,1.8e-09 ***,4.7e-08 ***,2.0e-07 ***,1.7e-09 ***,1.6e-06 ***
"CUMAP wins and Wilcoxon p are computed on ALL entries (RAW + PP combined, n=58); both are therefore identical across the RAW and PP sheets. Mean is per-sheet, since RAW and PP scores are not on the same scale. Per-method n varies because some baselines failed (OOM / NaN) on some datasets.",,,,,,,,,,,,,,,,,,,
"Note: For datasets beyond ~10^5 cells, dense pairwise distances are infeasible (500K cells -> 1TB; 1.1M cells -> 5TB), so an approximate-kNN (lean) implementation on GPU is used. This is a scalability requirement of the method, and all rows use the same fixed weights.",,,,,,,,,,,,,,,,,,,
"Cortex_F (K=81) and Cortex_P (K=93) score the same cells against the fine-grained DropViz sub-clusters instead of the 14 global classes. scICE cannot reach that many clusters (its stability filter tops out at 7/14/6/17), so its entry there is the best of all its candidate cluster counts, an upper bound in its favour. These two rows share cells with the coarse Cortex rows, so the pairs are not independent.",,,,,,,,,,,,,,,,,,,
